{
  "792696450105737236": {
    "banLimit": "1",
    "chaDelLimit": 1,
    "roleDelLimit": 1,
    "kickLimits": 1,
    "chaCrLimit": 1,
    "roleCrLimits": 1,
    "time": 0.1
  },
  "851995159062642688": {
    "banLimit": 1,
    "chaDelLimit": 1,
    "roleDelLimit": 1,
    "kickLimits": 1,
    "chaCrLimit": 1,
    "roleCrLimits": 1,
    "time": 0.1
  },
  "847815317681209384": {
    "banLimit": 1,
    "chaDelLimit": 1,
    "roleDelLimit": 1,
    "kickLimits": "10000",
    "chaCrLimit": 1,
    "roleCrLimits": 1,
    "time": 0.1
  },
  "862672425640263680": {
    "banLimit": 1,
    "chaDelLimit": 1,
    "roleDelLimit": 1,
    "kickLimits": 1,
    "chaCrLimit": 1,
    "roleCrLimits": 1
  },
  "863800144357228544": {
    "banLimit": 1,
    "chaDelLimit": 1,
    "roleDelLimit": 1,
    "kickLimits": 1,
    "chaCrLimit": 1,
    "roleCrLimits": 1,
    "time": 0.1
  },
  "864885605016272908": {
    "banLimit": "3",
    "chaDelLimit": "3",
    "roleDelLimit": "2",
    "kickLimits": "3",
    "chaCrLimit": "3",
    "roleCrLimits": "2",
    "time": 0.1
  },
  "408785106942164992": {
    "banLimit": 1,
    "chaDelLimit": 1,
    "roleDelLimit": 1,
    "kickLimits": 1,
    "chaCrLimit": 1,
    "roleCrLimits": 1
  },
  "866634192448258058": {
    "banLimit": 1,
    "chaDelLimit": 1,
    "roleDelLimit": 1,
    "kickLimits": "5",
    "chaCrLimit": 1,
    "roleCrLimits": 1,
    "time": 0.1
  },
  "885927494929236059": {
    "banLimit": 1,
    "chaDelLimit": 1,
    "roleDelLimit": 1,
    "kickLimits": 1,
    "chaCrLimit": 1,
    "roleCrLimits": 1,
    "time": 0.1
  },
  "885941046675111957": {
    "banLimit": 1,
    "chaDelLimit": 1,
    "roleDelLimit": 1,
    "kickLimits": "5",
    "chaCrLimit": 1,
    "roleCrLimits": 1,
    "time": 0.1
  },
  "870335605895225394": {
    "banLimit": 1,
    "chaDelLimit": "4",
    "roleDelLimit": 1,
    "kickLimits": 1,
    "chaCrLimit": 1,
    "roleCrLimits": 1,
    "time": 0.1
  },
  "881552050540912660": {
    "banLimit": 1,
    "chaDelLimit": 1,
    "roleDelLimit": 1,
    "kickLimits": 1,
    "chaCrLimit": 1,
    "roleCrLimits": 1,
    "time": 0.1
  },
  "886226877914681396": {
    "banLimit": 1,
    "chaDelLimit": 1,
    "roleDelLimit": 1,
    "kickLimits": 1,
    "chaCrLimit": 1,
    "roleCrLimits": 1,
    "time": 0.1
  }
}